filename,x,y
0001_01_01_1332-01.jpg,13.957718,3.134538
0002_01_01_1335-01.jpg,14.107581,3.949950
0003_01_01_1346-01.jpg,-4.992521,8.886260
0004_01_01_1349-01.jpg,9.964222,5.379344
0005_01_02_1341-01.jpg,9.869123,2.964639
0006_01_03_1319-01.jpg,13.072751,1.573864
0007_01_03_1331-01.jpg,13.118553,2.992991
0008_01_03_1348-01.jpg,-4.897409,8.780383
0009_01_03_1352-01.jpg,5.671500,2.647184
0010_01_03_1354-01.jpg,5.845201,5.350937
0011_01_04_1337-01.jpg,15.129440,3.710085
0012_01_05_1302-01.jpg,11.069069,4.590768
0013_01_05_1328-01.jpg,13.708175,2.535570
0014_01_07_1349-01.jpg,6.115478,6.894316
0015_01_07_1349-02.jpg,4.565959,2.979036
0016_01_08_1324-01.jpg,13.703637,1.658168
0017_01_08_1331-01.jpg,10.222497,2.408544
0018_01_08_1336-01.jpg,14.840535,3.935814
0019_01_08_1345-01.jpg,6.010892,4.935671
0020_01_08_1353-01.jpg,6.061823,5.688273
0021_01_09_1331-01.jpg,13.277170,3.185052
0022_01_09_1331-02.jpg,14.731997,2.284114
0023_01_10_1310-01.jpg,10.950952,5.542604
0024_01_10_1310-02.jpg,10.975625,5.532768
0025_01_10_1321-01.jpg,12.957337,2.241457
0026_01_10_1343-01.jpg,15.414386,6.800303
0027_01_10_1347-01.jpg,-5.041361,8.966857
0028_01_10_1354-01.jpg,5.346005,6.606588
0029_01_10_1354-02.jpg,5.059412,6.794956
0030_01_11_1332-01.jpg,13.011718,3.088094
0031_01_12_1336-01.jpg,14.765458,3.775966
0032_02_01_1354-01.jpg,5.055748,2.259251
0033_02_02_1344-01.jpg,15.757866,6.495589
0034_02_05_1354-01.jpg,6.394173,3.719522
0035_02_06_1344-01.jpg,5.926068,8.987299
0036_02_08_1336-01.jpg,14.505717,3.810633
0037_02_10_1347-01.jpg,6.811230,7.575227
0038_03_01_1355-01.jpg,6.772469,4.019949
0039_03_01_1355-02.jpg,6.923142,4.025061
0040_03_01_1355-03.jpg,6.809272,4.013946
0041_03_03_1327-01.jpg,9.790313,2.383259
0042_03_05_1331-01.jpg,13.200016,2.840813
0043_03_05_1343-01.jpg,15.637398,6.582617
0044_03_06_1355-01.jpg,7.012822,4.145938
0045_03_07_1322-01.jpg,13.403485,1.497288
0046_03_07_1350-01.jpg,4.467763,2.847208
0047_03_08_1345-01.jpg,15.239599,6.572124
0048_03_10_1345-01.jpg,6.552984,6.571558
0049_03_12_1328-01.jpg,13.762180,2.975922
0050_03_12_1349-01.jpg,4.961539,2.909494
0051_04_01_1317-01.jpg,11.884948,4.584527
0052_04_01_1352-01.jpg,4.990732,2.345634
0053_04_02_1354-01.jpg,6.874668,4.123298
0054_04_03_1338-01.jpg,15.183825,4.384002
0055_04_03_1355-01.jpg,4.982039,2.188645
0056_04_03_1355-02.jpg,5.570746,2.541764
0057_04_05_1328-01.jpg,14.066175,1.841063
0058_04_05_1334-01.jpg,15.061162,4.004465
0059_04_05_1347-01.jpg,6.962121,7.588131
0060_04_05_1354-01.jpg,5.791461,2.708397
0061_04_06_1324-01.jpg,13.037891,2.292123
0062_04_07_1353-01.jpg,5.029677,2.288994
0063_04_10_1329-01.jpg,9.537532,2.734545
0064_04_11_1334-01.jpg,14.972655,3.260359
0065_04_11_1342-01.jpg,5.977036,8.919794
0066_04_11_1346-01.jpg,7.936323,-4.208302
0067_04_11_1354-01.jpg,5.058134,6.794265
0068_05_01_1347-01.jpg,8.083534,-3.966057
0069_05_01_1353-01.jpg,7.073480,5.618579
0070_05_02_1351-01.jpg,5.012320,6.824762
0071_05_03_1339-01.jpg,15.506068,5.778687
0072_05_05_1336-01.jpg,15.487052,3.439200
0073_05_05_1347-01.jpg,6.884206,7.556603
0074_05_07_1328-01.jpg,13.739706,2.515536
0075_05_07_1340-01.jpg,15.365008,5.693473
0076_05_08_1336-01.jpg,8.358277,8.149566
0077_05_09_1336-01.jpg,8.606708,8.275064
0078_05_10_1337-01.jpg,15.426745,3.703619
0079_05_10_1339-01.jpg,15.404896,5.559339
0080_05_10_1343-01.jpg,15.305004,6.753623
0081_05_11_1344-01.jpg,7.944267,-4.118247
0082_05_11_1350-01.jpg,5.198433,6.732253
0083_06_01_1323-01.jpg,12.960571,2.514019
0084_06_01_1334-01.jpg,13.580926,3.542920
0085_06_01_1338-01.jpg,15.531970,5.095587
0086_06_01_1344-01.jpg,9.956217,2.827546
0087_06_02_1342-01.jpg,6.587793,3.461628
0088_06_02_1346-01.jpg,7.481886,7.778292
0089_06_03_1307-01.jpg,11.638641,5.549755
0090_06_03_1307-02.jpg,11.658632,5.516948
0091_06_03_1342-01.jpg,15.742335,6.269039
0092_06_03_1349-01.jpg,6.998721,7.690335
0093_06_06_1345-01.jpg,5.882907,9.038325
0094_06_08_1355-01.jpg,5.082606,2.247621
0095_06_10_1334-01.jpg,9.742093,2.636033
0096_06_10_1347-01.jpg,-4.895408,8.823339
0097_06_11_1316-01.jpg,12.217753,1.636688
0098_06_11_1348-01.jpg,5.563169,3.509354
0099_06_12_1340-01.jpg,15.337598,5.978916
0100_06_12_1343-01.jpg,15.494995,6.394448
0101_06_12_1350-01.jpg,4.813903,2.651847
0102_07_01_1326-01.jpg,13.253255,2.647610
0103_07_01_1335-01.jpg,13.632298,3.719360
0104_07_01_1355-01.jpg,4.495535,2.183678
0105_07_02_1333-01.jpg,14.841691,2.400372
0106_07_03_1316-01.jpg,11.561930,4.583079
0107_07_03_1323-01.jpg,13.173009,2.213356
0108_07_03_1332-01.jpg,14.737331,2.148941
0109_07_04_1351-01.jpg,5.592100,6.430107
0110_07_05_1336-01.jpg,8.470616,8.362093
0111_07_05_1337-01.jpg,9.610049,2.590899
0112_07_05_1343-01.jpg,5.947925,5.095711
0113_07_06_1348-01.jpg,15.307083,6.786600
0114_07_08_1337-01.jpg,15.592906,3.875258
0115_07_12_1342-01.jpg,8.075373,-3.981323
0116_07_12_1352-01.jpg,6.943265,4.129622
0117_08_01_1335-01.jpg,9.636986,2.747361
0118_08_02_1336-01.jpg,9.517817,2.719474
0119_08_03_1319-01.jpg,10.649315,4.925447
0120_08_04_1328-01.jpg,7.232402,5.502725
0121_08_04_1328-02.jpg,14.004233,1.828699
0122_08_05_1328-01.jpg,9.754513,2.364873
0123_08_05_1328-02.jpg,9.731464,2.304347
0124_08_06_1332-01.jpg,8.810185,8.141693
0125_08_07_1307-01.jpg,11.635194,5.601138
0126_08_07_1351-01.jpg,5.534216,6.492866
0127_08_08_1339-01.jpg,15.290155,4.590062
0128_08_08_1343-01.jpg,7.839158,-4.219606
0129_08_09_1317-01.jpg,12.502211,1.546125
0130_08_10_1349-01.jpg,7.124341,7.356884
0131_09_01_1352-01.jpg,5.877914,5.286992
0132_09_02_1336-01.jpg,7.850508,7.966475
0133_09_02_1353-01.jpg,7.054265,5.653498
0134_09_03_1320-01.jpg,13.190150,1.544212
0135_09_04_1336-01.jpg,8.516395,8.334978
0136_09_04_1347-01.jpg,-4.870420,8.857177
0137_09_04_1347-02.jpg,-4.833159,8.766599
0138_09_04_1351-01.jpg,7.127326,7.199803
0139_09_04_1353-01.jpg,6.917034,4.094231
0140_09_05_1355-01.jpg,6.778268,7.240688
0141_09_06_1332-01.jpg,14.592621,2.336260
0142_09_06_1355-01.jpg,5.559941,6.427230
0143_09_07_1336-01.jpg,14.957930,3.754468
0144_09_07_1349-01.jpg,4.350811,2.939340
0145_09_08_1331-01.jpg,14.768240,2.071910
0146_09_09_1314-01.jpg,12.241834,1.676749
0147_09_10_1321-01.jpg,13.216341,1.440987
0148_09_10_1337-01.jpg,15.635648,3.746907
0149_09_12_1328-01.jpg,9.721865,2.402999
0150_10_01_1300-01.jpg,11.849500,4.720072
0151_10_01_1335-01.jpg,15.137084,3.107488
0152_10_04_1319-01.jpg,13.107492,1.723910
0153_10_05_1339-01.jpg,9.992071,2.619355
0154_10_05_1350-01.jpg,6.740753,7.185640
0155_10_06_1312-01.jpg,9.295500,3.112384
0156_10_06_1341-01.jpg,15.380326,4.673351
0157_10_07_1324-01.jpg,13.566502,1.552163
0158_10_07_1329-01.jpg,13.435516,3.394770
0159_10_07_1345-01.jpg,7.921082,-4.165288
0160_10_08_1336-01.jpg,14.923987,3.565353
0161_10_08_1348-01.jpg,5.861427,4.333050
0162_10_09_1342-01.jpg,6.888047,3.328347
0163_10_11_1322-01.jpg,13.178295,2.229319
0164_11_01_1331-01.jpg,14.311636,2.323716
0165_11_02_1320-01.jpg,13.485715,1.881127
0166_11_02_1350-01.jpg,7.086831,7.295349
0167_11_04_1339-01.jpg,15.632831,5.948819
0168_11_05_1346-01.jpg,7.923275,-4.131371
0169_11_05_1351-01.jpg,5.154290,6.708408
0170_11_06_1333-01.jpg,15.239288,3.976861
0171_11_08_1332-01.jpg,10.240508,2.403741
0172_11_11_1346-01.jpg,6.750750,3.331799
0173_11_12_1355-01.jpg,5.737360,2.636607
0174_12_02_1320-01.jpg,13.192141,1.446280
0175_12_03_1307-01.jpg,11.711189,5.474720
0176_12_03_1343-01.jpg,8.121517,-3.935875
0177_12_06_1346-01.jpg,10.001347,2.889831
0178_12_06_1346-02.jpg,9.959271,2.790179
0179_12_07_1334-01.jpg,15.342593,3.233676
0180_12_07_1353-01.jpg,7.096871,7.340693
0181_12_09_1351-01.jpg,7.008395,7.444634
0182_12_10_1310-01.jpg,10.983034,5.540677
0183_12_12_1343-01.jpg,7.908660,-4.111239
0184_13_01_1344-01.jpg,5.995167,9.045093
0185_13_01_1347-01.jpg,-4.870420,8.906554
0186_13_03_1342-01.jpg,15.144126,5.991365
0187_13_03_1344-01.jpg,6.203096,3.938588
0188_13_05_1348-01.jpg,5.941579,4.295178
0189_13_05_1353-01.jpg,5.923440,5.319381
0190_13_06_1334-01.jpg,8.534664,8.144439
0191_13_07_1324-01.jpg,13.688305,1.650417
0192_13_07_1330-01.jpg,13.163825,3.456649
0193_13_08_1306-01.jpg,11.829221,5.235383
0195_13_08_1352-01.jpg,6.879259,7.340713
0196_13_10_1332-01.jpg,13.545442,3.707849
0197_13_10_1337-01.jpg,15.718956,3.922125
0198_13_11_1340-01.jpg,15.393030,5.683599
0199_13_11_1342-01.jpg,15.218959,6.071696
0200_13_12_1335-01.jpg,14.955877,3.815079
0201_13_12_1349-01.jpg,5.441123,6.708465
0202_14_01_1326-01.jpg,10.486175,4.956323
0203_14_02_1333-01.jpg,8.889385,8.173099
0204_14_02_1343-01.jpg,15.204677,6.162093
0205_14_02_1344-01.jpg,15.627825,6.142252
0206_14_02_1352-01.jpg,7.224127,7.157263
0207_14_03_1346-01.jpg,7.178945,7.641297
0208_14_03_1347-01.jpg,7.880643,-4.204414
0209_14_04_1331-01.jpg,14.467948,2.003114
0210_14_04_1349-01.jpg,-4.965822,8.787805
0211_14_06_1307-01.jpg,11.790910,4.916758
0212_14_06_1342-01.jpg,8.124631,-3.930519
0213_14_06_1347-01.jpg,-4.799855,8.738104
0214_14_07_1336-01.jpg,14.905146,4.003307
0215_14_07_1336-02.jpg,8.323376,8.213947
0216_14_08_1313-01.jpg,11.086610,2.552811
0217_14_08_1342-01.jpg,15.630634,6.279737
0218_14_09_1311-01.jpg,11.544347,2.252311
0219_14_10_1302-01.jpg,11.757638,5.456463
0220_14_10_1334-01.jpg,15.047899,2.673341
0221_14_10_1354-01.jpg,4.605581,2.196982
0222_14_11_1350-01.jpg,4.493336,2.209898
0223_14_11_1351-01.jpg,4.717141,2.361164
0224_14_12_1329-01.jpg,14.391566,1.896384
0225_14_12_1329-02.jpg,14.224992,1.854513
0226_14_12_1346-01.jpg,15.384627,6.795229
0228_15_01_1335-02.jpg,13.187424,3.923679
0229_15_01_1347-01.jpg,-4.822722,8.767357
0230_15_01_1355-01.jpg,5.020313,2.269223
0231_15_03_1350-01.jpg,4.443891,2.878592
0232_15_04_1330-01.jpg,14.610197,2.095820
0233_15_04_1332-01.jpg,14.496136,2.241514
0234_15_05_1344-01.jpg,15.433943,6.648005
0235_15_07_1335-01.jpg,8.134341,8.197769
0236_15_07_1343-01.jpg,15.514602,6.294731
0238_15_10_1336-01.jpg,15.224774,3.175436
0239_15_12_1348-01.jpg,6.664890,6.770831
0240_16_01_1345-01.jpg,5.892938,9.033257
0241_16_05_1332-01.jpg,14.828158,2.379163
0242_16_06_1335-01.jpg,8.140284,8.147652
0243_16_07_1335-01.jpg,15.454440,3.492356
0244_16_08_1353-01.jpg,6.304521,3.674416
0245_16_08_1354-01.jpg,5.849479,2.749976
0246_16_10_1346-01.jpg,10.602739,3.249265
0247_16_10_1355-01.jpg,4.963669,2.222247
0248_16_11_1345-01.jpg,-4.796754,8.856629
0249_16_11_1352-01.jpg,6.944532,4.121396
0250_17_02_1331-01.jpg,14.645134,2.034666
0251_17_02_1343-01.jpg,15.731606,6.599756
0252_17_03_1311-01.jpg,9.499076,3.116834
0253_17_03_1324-01.jpg,8.953397,3.295590
0254_17_03_1349-01.jpg,6.393644,7.133078
0255_17_04_1337-01.jpg,15.098414,3.534065
0256_17_04_1348-01.jpg,-4.790642,8.774657
0257_17_05_1343-01.jpg,14.805659,6.483526
0258_17_05_1346-01.jpg,9.959665,2.868316
0259_17_05_1350-01.jpg,6.934026,7.311424
0260_17_06_1337-01.jpg,15.529275,3.446153
0261_17_06_1350-01.jpg,5.415222,6.577264
0262_17_06_1354-01.jpg,5.117958,6.736947
0263_17_07_1340-01.jpg,14.467871,5.701768
0264_17_09_1336-01.jpg,14.833394,3.856065
0265_17_09_1338-01.jpg,8.205159,-3.862414
0266_17_10_1345-01.jpg,10.060188,2.857051
0267_17_11_1351-01.jpg,4.783034,2.500932
0268_18_01_1343-01.jpg,6.030064,8.860309
0269_18_01_1343-02.jpg,5.958652,8.865214
0270_18_01_1348-01.jpg,5.978838,4.163971
0271_18_03_1319-01.jpg,13.308174,1.423131
0272_18_04_1326-01.jpg,10.099118,5.256138
0273_18_04_1339-01.jpg,15.392037,4.723471
0274_18_04_1345-01.jpg,6.804195,3.250153
0275_18_05_1347-01.jpg,6.167241,6.659679
0277_18_05_1353-01.jpg,6.950628,4.123078
0278_18_08_1329-01.jpg,7.127217,5.595955
0279_18_08_1329-03.jpg,8.925254,8.293134
0280_18_08_1329-04.jpg,13.678556,2.873649
0281_18_08_1339-01.jpg,8.152551,-3.911975
0282_18_08_1352-01.jpg,4.598156,2.290522
0283_18_08_1355-01.jpg,5.153699,6.702703
0284_18_10_1330-01.jpg,14.691358,2.086521
0285_18_10_1338-01.jpg,14.760936,6.528829
0286_18_10_1342-01.jpg,6.101417,8.794744
0287_18_11_1307-01.jpg,11.689523,5.622697
0288_18_11_1307-02.jpg,11.672804,5.597271
0289_18_11_1347-01.jpg,5.881961,4.253478
0290_18_12_1345-01.jpg,11.134118,3.623901
0291_19_01_1317-01.jpg,12.333624,1.508217
0292_19_02_1347-01.jpg,6.780732,7.318519
0293_19_03_1346-01.jpg,5.991294,4.169977
0294_19_05_1321-01.jpg,13.251051,1.462510
0295_19_07_1337-01.jpg,15.352798,3.572576
0296_19_07_1341-01.jpg,6.026825,4.940152
0297_19_07_1349-01.jpg,4.355060,2.987036
0298_19_09_1332-01.jpg,14.632494,2.300504
0299_19_10_1348-01.jpg,-4.799643,8.770799
0300_19_11_1309-01.jpg,12.098737,5.339187
0301_19_11_1334-01.jpg,15.163278,2.852872
0302_19_11_1334-02.jpg,8.270749,8.142474
0303_19_12_1332-01.jpg,13.254485,3.842891
0304_20_01_1348-01.jpg,5.907156,4.247598
0305_20_02_1329-01.jpg,8.878640,8.327267
0306_20_03_1333-01.jpg,13.522102,3.809937
0307_20_03_1348-01.jpg,6.642268,6.957737
0308_20_04_1349-01.jpg,6.001683,5.159749
0309_20_05_1336-01.jpg,8.548229,8.295370
0310_20_06_1323-01.jpg,11.222727,3.728823
0311_20_06_1332-01.jpg,14.606986,2.332247
0312_20_06_1338-01.jpg,15.355263,5.485013
0313_20_06_1351-01.jpg,5.921999,5.051639
0314_20_07_1347-01.jpg,5.878483,4.246927
0315_20_08_1333-01.jpg,9.787543,2.755756
0316_20_09_1348-01.jpg,6.037330,3.612784
0317_20_11_1306-01.jpg,6.606781,7.904251
0318_20_11_1306-02.jpg,11.846519,5.404741
0319_20_12_1332-01.jpg,8.962448,7.922798
0320_21_02_1330-01.jpg,14.465822,2.015920
0321_21_04_1346-01.jpg,-5.062120,8.919864
0322_21_07_1334-01.jpg,6.594213,6.380236
0323_21_09_1325-01.jpg,13.773948,1.662061
0324_21_10_1343-01.jpg,15.507503,6.691917
0325_21_10_1354-01.jpg,4.937956,2.256672
0326_21_12_1306-01.jpg,11.752529,4.956414
0327_21_12_1306-02.jpg,11.732054,4.992063
0328_21_12_1333-01.jpg,14.769277,3.135882
0329_21_12_1334-01.jpg,15.051085,3.559247
0330_21_12_1342-01.jpg,6.128447,8.739139
0331_21_12_1350-01.jpg,7.006415,7.300248
0332_22_01_1345-01.jpg,5.923326,9.004736
0333_22_02_1338-01.jpg,13.444226,3.904671
0334_22_04_1311-01.jpg,11.499467,2.282312
0335_22_05_1346-01.jpg,7.838768,-4.221080
0336_22_05_1347-01.jpg,6.799834,3.265717
0337_22_05_1347-02.jpg,10.582644,3.249598
0338_22_07_1336-01.jpg,15.168128,3.998607
0339_22_07_1348-01.jpg,-4.936107,8.760048
0340_22_08_1316-01.jpg,12.325953,1.802675
0341_23_02_1322-01.jpg,13.164357,1.656184
0342_23_03_1352-01.jpg,5.854818,2.755478
0343_23_04_1338-01.jpg,15.532306,5.469048
0344_23_05_1349-01.jpg,4.364339,2.950326
0345_23_06_1323-01.jpg,13.045657,2.270799
0346_23_07_1349-01.jpg,5.891762,5.300447
0347_23_09_1338-01.jpg,14.036994,5.513080
0348_24_02_1316-01.jpg,11.836389,4.466107
0349_24_02_1327-01.jpg,13.629725,2.497524
0350_24_04_1338-01.jpg,9.789597,2.819715
0351_24_06_1304-01.jpg,10.934784,4.694794
0352_24_06_1312-01.jpg,11.636444,2.164700
0353_24_06_1326-01.jpg,14.523177,2.216659
0354_24_06_1327-01.jpg,13.810793,2.608895
0355_24_08_1303-01.jpg,11.848968,4.763968
0356_24_08_1317-01.jpg,12.299825,1.565590
0357_24_08_1348-01.jpg,14.833278,6.563090
0358_24_09_1308-01.jpg,10.877931,5.628582
0359_24_10_1337-01.jpg,15.541800,3.664311
0360_24_12_1340-01.jpg,15.516286,6.041057
0361_24_12_1346-01.jpg,-4.792104,8.778323
0362_25_01_1316-01.jpg,12.337566,1.613564
0363_25_01_1348-01.jpg,-4.813187,8.930168
0364_25_04_1307-01.jpg,11.721400,5.255512
0365_25_04_1331-01.jpg,9.966558,2.414212
0366_25_04_1345-01.jpg,5.963459,8.952239
0367_25_04_1345-02.jpg,5.909545,8.999950
0368_25_04_1346-01.jpg,5.901969,5.143345
0369_25_05_1309-01.jpg,6.550017,8.016438
0370_25_05_1334-01.jpg,15.218194,3.056527
0371_25_05_1334-02.jpg,8.446327,8.330230
0372_25_05_1337-01.jpg,10.295414,3.012161
0373_25_07_1316-01.jpg,12.321416,1.761858
0374_25_07_1336-01.jpg,14.519808,3.629402
0375_25_09_1339-01.jpg,8.199213,-3.859413
0376_25_09_1352-01.jpg,6.628947,6.844399
0377_25_10_1302-01.jpg,11.709871,4.755373
0378_25_12_1340-01.jpg,15.427013,5.939664
0379_26_03_1304-01.jpg,9.145713,3.212499
0380_26_04_1346-01.jpg,15.525800,6.580611
0381_26_06_1350-01.jpg,5.034373,2.549197
0382_26_07_1351-01.jpg,7.007960,7.452951
0383_26_08_1346-01.jpg,7.902086,-4.170083
0384_26_09_1355-01.jpg,6.942806,7.416072
0385_26_12_1317-01.jpg,12.457137,2.015713
0386_26_12_1336-01.jpg,14.954726,3.706468
0387_26_12_1347-01.jpg,-4.905695,8.882294
0388_27_01_1341-01.jpg,5.939237,4.995266
0389_27_02_1327-01.jpg,7.115177,5.586677
0390_27_03_1338-01.jpg,14.674673,4.056389
0391_27_03_1341-01.jpg,8.099784,-3.958672
0392_27_05_1331-01.jpg,13.365325,2.963317
0393_27_05_1334-01.jpg,8.486240,8.347511
0394_27_05_1347-01.jpg,15.628648,6.177277
0395_27_06_1315-01.jpg,12.322262,1.905042
0396_27_07_1354-01.jpg,6.915167,4.153443
0397_27_10_1334-01.jpg,14.921174,4.017581
0398_28_01_1337-01.jpg,8.474283,8.335562
0399_28_03_1349-01.jpg,4.391920,2.947420
0400_28_04_1337-01.jpg,15.051565,4.055140
0401_28_05_1335-01.jpg,8.198740,8.159167
0402_28_07_1336-01.jpg,14.754622,3.731739
0403_28_07_1343-01.jpg,7.958091,-4.097836
0404_28_09_1339-01.jpg,15.530906,5.603034
0405_28_10_1336-01.jpg,14.901307,3.717186
0406_28_10_1337-01.jpg,9.738935,2.803283
0407_28_10_1353-01.jpg,5.083158,6.784085
0408_28_11_1338-01.jpg,15.472947,4.630145
0409_28_11_1349-01.jpg,5.766702,3.512113
0410_29_01_1340-01.jpg,14.766090,6.559277
0411_29_02_1326-01.jpg,13.582527,2.753987
0412_29_03_1321-01.jpg,9.123080,2.990379
0413_29_04_1323-01.jpg,13.511227,1.958513
0414_29_06_1328-01.jpg,8.763728,8.258298
0415_29_06_1333-01.jpg,9.515991,2.708913
0416_29_06_1348-01.jpg,5.073879,6.794429
0417_29_06_1352-01.jpg,4.630995,2.269707
0418_29_07_1306-01.jpg,11.753330,5.411944
0419_29_08_1345-01.jpg,14.691195,5.743621
0420_29_08_1355-01.jpg,6.774028,7.466324
0421_29_09_1336-01.jpg,8.268805,8.252644
0422_29_11_1342-01.jpg,15.670601,6.296824
0423_30_01_1346-01.jpg,7.857608,-4.203190
0424_30_01_1351-01.jpg,7.014283,7.317922
0425_30_03_1355-01.jpg,6.986689,4.174489
0426_30_04_1334-01.jpg,14.647064,4.035981
0427_30_04_1354-01.jpg,5.084750,2.281617
0428_30_05_1316-01.jpg,12.218271,1.663751
0429_30_05_1352-01.jpg,6.036883,5.739862
0430_30_06_1342-01.jpg,15.804384,6.556162
0431_30_06_1346-01.jpg,7.792695,-4.270331
0432_30_06_1352-01.jpg,4.624789,2.215927
0433_30_10_1354-01.jpg,6.402148,3.744474
0434_30_11_1327-01.jpg,8.811803,8.300050
0435_30_11_1340-01.jpg,15.594359,6.136427
0436_30_11_1348-01.jpg,5.839689,3.674181
0437_30_12_1311-01.jpg,11.329819,2.391056
0438_30_12_1315-01.jpg,12.238144,1.620263
0439_30_12_1326-01.jpg,13.637669,2.489197
0440_31_03_1338-01.jpg,9.991662,2.899875
0441_31_03_1352-01.jpg,4.600554,2.249962
0442_31_03_1354-01.jpg,14.110816,5.649560
0443_31_05_1343-01.jpg,15.274512,6.354259
0444_31_05_1343-02.jpg,15.531946,6.040655
0445_31_10_1333-01.jpg,13.852538,3.500275
0446_31_10_1346-01.jpg,14.924569,6.675232
0447_XX_XX_1327-01.jpg,7.109568,5.595298
0449_XX_XX_1348-02.jpg,5.609287,3.492260
0451_03_01_1332-01.jpg,8.931446,8.265054
0452_03_05_1341-01.jpg,8.726204,8.116043
0453_05_06_1315-01.jpg,12.397691,1.659918
0455_16_11_1340-01.jpg,15.134436,5.313094
0456_17_06_1338-01.jpg,15.183815,5.167119
0457_18_06_1344-01.jpg,15.175658,5.305154
0458_21_10_1339-01.jpg,15.176580,5.278391
0459_22_03_1343-01.jpg,15.184375,5.400635
0460_22_06_1341-01.jpg,15.042348,5.185361
0461_22_07_1357-01.jpg,4.542250,2.116743
0462_30_10_1344-01.jpg,8.127479,-3.931031
0463_24_06_1309-01.jpg,10.945369,4.649026
0464_29_09_1334-01.jpg,9.263762,2.785477
0465_08_08_1327-01.jpg,10.673858,4.665894
0466_08_08_1327-02.jpg,10.774780,4.727910
0467_08_08_1327-03.jpg,10.757359,4.721640
0469_05_01_1356-01.jpg,5.866113,2.698912
0470_10_12_1309-01.jpg,10.927217,5.599692
